<?xml version="1.0" encoding="UTF-8"?>
<configuration debug="false" scan="true" scanPeriod="1 seconds">

    <contextName>admin</contextName>
    <property name="LOG_PATH"
              value="./logs"/>

    <appender name="console" class="ch.qos.logback.core.ConsoleAppender">
        <encoder>
            <pattern>%d{HH:mm:ss.SSS} %contextName [%thread] %-5level %logger{5} - %msg%n</pattern>
        </encoder>
    </appender>

    <appender name="file" class="ch.qos.logback.core.rolling.RollingFileAppender">
        <file>${LOG_PATH}/rna2.log</file>
        <rollingPolicy class="ch.qos.logback.core.rolling.TimeBasedRollingPolicy">
            <fileNamePattern>${LOG_PATH}/logs-%d{yyyy-MM-dd}.zip</fileNamePattern>
        </rollingPolicy>
        <encoder>
            <pattern>%date %level [%thread] %logger{36} [%file : %line] %msg%n
            </pattern>
        </encoder>
    </appender>

    <!--mybatis log configure-->
    <logger name="com.apache.ibatis" level="TRACE"/>
    <logger name="java.sql.Connection" level="DEBUG"/>
    <logger name="java.sql.Statement" level="DEBUG"/>
    <logger name="java.sql.PreparedStatement" level="DEBUG"/>

    <root level="info">
        <appender-ref ref="console"/>
        <appender-ref ref="file"/>
    </root>

</configuration>